{
  "trial_id": 151,
  "n_params": 94458,
  "train_time_s": 127.12482380867004,
  "best_epoch": 19,
  "best_monitor": 3.4654770493507385,
  "stopped_epoch": 24,
  "threshold": 0.043498694896698,
  "val_auc_roc": 1.0,
  "val_average_precision": 1.0,
  "val_accuracy": 0.9994855967078189,
  "val_precision": 0.9993145990404386,
  "val_recall": 1.0,
  "val_f1": 0.9996571820363387,
  "embedding_dim": 32,
  "encoder_layers": 2,
  "dropout": 0.0,
  "tcn_hidden": 64,
  "disc_hidden": 16,
  "lr": 0.0003,
  "batch_size": 64,
  "wae_regularization_term": 5.0
}